"Informazioni cronologiche","Museo","Luogo","Latitudine","Longitudine","Sito_Web","Email","Twitter","Link_immagine ","Accetti di preseguire liberando l'autore da responsabilità legate alla privacy?"
"17/07/2014 8.22.16","Villa Bighi","Via Marino Carletti n. 110","44.89765","11.82216","http://www.centri-contemporaneo-er.it/it/homepage.php","e.bertelli83@gmail.com","MuseoVillaBighi ","http://www.vitalbamorelli.it/wp-content/uploads/2014/03/centro-stui-bianco.jpg","SI"
"17/07/2014 10.37.35","Castello di Rivoli Museo d'Arte Contemporanea","Piazza Mafalda di Savoia 1 Rivoli ","45.06988","7.51049","http://www.castellodirivoli.org","promozione@castellodirivoli.org","rivolicast ","https://scontent-b-cdg.xx.fbcdn.net/hphotos-xpf1/t1.0-9/10003506_763936783631483_1882761646_n.jpg","SI"
"17/07/2014 10.41.25","Museo degli Strumenti per il Calcolo","Via Bonanno Pisano 2/B PISA","43.71666","10.39037","http://www.fondazionegalileogalilei.it/","info@fondazionegalileogalilei.it","PecoriniArianna","https://scontent-a-lhr.xx.fbcdn.net/hphotos-xap1/t1.0-9/1377529_455186231262558_1798723141_n.jpg","SI"
"17/07/2014 11.02.01","Museo Diotti","Via Formis 17 Casalmaggiore CR","44.98985","10.41489","http://www.museodiotti.it","info@museodiotti.it","museodiotti ","http://www.museodiotti.it/Images/DGmultimmagine_piccolo.jpg","SI"
"17/07/2014 11.04.58","Museo del Bijou","Via Azzo Porzio 9 Casalmaggiore CR","44.98569","10.41617","http://www.museodelbijou.it","info@museodelbijou.it",,"http://www.museodelbijou.it/wp-content/themes/logo.png","SI"
"17/07/2014 12.16.42","Museo Giuseppe Gianetti","Via Felice Carcano 9 21047 Saronno VA","45.625","9.03273","http://www.museogianetti.it","info@museogianetti.it","MuseoGianetti ","http://www.museogianetti.it/images/logo.jpg","SI"
"17/07/2014 12.46.30","Museo del Carbone","Grande Miniera di Serbariu Carbonia","39.16025","8.51034","http://www.museodelcarbone.it","marketing@museodelcarbone.it","museodelcarbone","http://www.museodelcarbone.it/galleria/immagini/Logo_Crabo.jpg","SI"
"17/07/2014 14.55.26","Museo Papirologico","Via di Valesio Lecce","40.35929","18.16786","http://www.museopapirologico.eu","cspapiri@unisalento.it",,,"SI"
"17/07/2014 15.02.06","Museo Etno Antropologico e dell'Emigrazione Valguarnerese","Via San Liborio","37.49587","14.3898","http://www.museopalazzoprato.jimdo.com","museocaropepe@gmail.com","museocaropepe","http://u.jimdo.com/www69/o/s64a67b6b9a696eb7/img/i7abfb0a46f023ba4/1400683273/std/palazzo-prato-via-san-liborio.jpg","SI"
"17/07/2014 15.09.54","Casa Museo Caripa","Via Filippo Turati N. 87 Valguarnera Caropepe","37.49423 ","14.38637","http://www.casamuseocaripa.jimdo.com","casacaripa@gmail.com","casacaripa","https://pbs.twimg.com/profile_images/478529790236819456/OSnTmTYY.jpeg","SI"
"17/07/2014 15.22.45","Pinacoteca Giovanni e Marella Agnelli","Via Nizza 230/103 Torino","45.03237","7.66561","http://www.pinacoteca-agnelli.it","info@pinacoteca-agnelli.it","PinAgnelli","http://pinacoteca-agnelli.it/visit/wp-content/uploads/2012/11/Scrigno-dalla-curva-parabolica.jpg","SI"
"17/07/2014 15.44.53","MAXXI Museo Nazionale delle Arti del XXI secolo","Via Guido Reni 4A Roma","41.92829","12.46715","http://www.fondazionemaxxi.it/","info@fondazionemaxxi.it","Museo_MAXXI","http://www.fondazionemaxxi.it/wp-content/uploads/2014/07/1.MAXXI_PANTONE_on-white.jpg","SI"
"17/07/2014 15.55.09","Fondazione Sandretto Re Rebaudengo","Via Modane 16 Torino","45.05709","7.65157","http://www.fsrr.org","silvio.salvo@fsrr.org","fondsrr","http://upload.wikimedia.org/wikipedia/it/4/45/Logo_Sandretto_Re_Rebaudengo.jpeg","SI"
"17/07/2014 16.24.45","INFINI.TO - Planetario di Torino Museo dell'Astronomia e dello Spazio","Via Osservatorio N.30 Pino Torinese","45.03945","7.76191","http://www.planetarioditorino.it/it/index.php","info@planetarioditorino.it","Infini_to","http://www.planetarioditorino.it/it/images/planetario/ft_struttura.jpg","SI"
"17/07/2014 16.44.12","Palazzo Civico delle Arti","Via C. Pisacane Agropoli","40.35079","14.98538","https://www.facebook.com/cooperativa.muse","cooperativamuse@gmail.com","MuseoAgropoli","https://pbs.twimg.com/profile_images/448220293043994624/VHWOXqmH_400x400.jpeg","SI"
"17/07/2014 17.05.38","MUSEO DEL COSTUME","VIA MORMINA PENNA 65 SCICLI (RG)","36.68604","14.58984","http://associazioneisola.it/","info@associazioneisola.it",,,"SI"
"17/07/2014 17.20.19","Museo Civico Archeologico Platina","Via Giuseppe Garibaldi 3 26034 Piadena Cremona","45.13011","10.36801","http://www.museo-piadena.net/","info@museo-piadena.net",,"http://www.museo-piadena.net/images/chiostrino.jpg","SI"
"17/07/2014 17.44.11","Madre | Museo d'arte contemporanea Donnaregina","Via Luigi Settembrini n.79 Napoli","40.85519","14.25857","http://www.madrenapoli.it/","info@madrenapoli.it","Museo_MADRE","http://www.madrenapoli.it/wp-content/uploads/2014/07/2_Logo_con_museo_bassa.gif","SI"
"17/07/2014 19.14.10","Museo Civico Gaetano Filangieri","Via Duomo N. 288 Napoli","40.8489","14.26079","http://salviamoilmuseofilangieri.org","museofilangieri@libero.it","museofilangieri","http://www.taralluccievin.it/images/filangieri%20museo%20logo.jpg","SI"
"17/07/2014 21.57.15","Museo Archeologico Nazionale di Cagliari","Piazza Arsenale N.1 Cagliari","39.22223","9.11674","http://www.museoarcheocagliari.wordpress.com","sba-ca@beniculturali.it","museoarcheoca",,"SI"
"17/07/2014 22.21.40","Museo dell'Informatica Funzionante","Palazzolo Acreide","37.06239","14.90596","http://museo.freaknet.org","museo@freaknet.org","FreaknetMuseum","http://zaverio.com/~asbesto/logomuseook.jpg","SI"
"17/07/2014 23.28.40","Museo Archeologico di Atina e della Valle di Comino - G. Visocchi","via Vittorio Emanuele III","41.61881","13.79963","http://www.comune.atina.fr.it/pagina3211_museo-archeologico-di-atina-e-della-valle-di-comino-g-visocchi.html","museoatina@gmail.com","museo_atina",,"SI"
"18/07/2014 8.28.12","Museo del Bottone","Via Della Costa 11 Santarcangelo Rn","44.06415","12.44966","http://bottone-museo.it","giorgio35@teletu.it",,"https://scontent-a-mxp.xx.fbcdn.net/hphotos-xpa1/t1.0-9/64886_108947649170047_3889821_n.jpg","SI"
"18/07/2014 8.28.17","GAM Ricci Oddi","Via San Siro N. 13 Piacenza","45.04959","9.69091","http://www.riccioddi.it/","info@riccioddi.it","GAMRicciOddi","http://www.riccioddi.it/images/grafica/logo.gif","SI"
"18/07/2014 8.54.43","MAM'S","Piazza Gramsci N. 1 Sassoferrato","43.43262","12.85503",,"mamsgallery.sassoferrato@gmail.com","mamsgallery",,"SI"
"18/07/2014 9.16.26","Castello Cavour","piazza Visconti Venosta n. 3 Santena (TO)","44.9491","7.77362","http://www.camillocavour.com","camillo@camillocavour.com","Castello_Cavour","http://213.215.254.204/media/2013/05/IPhone_Marco_308_medium.jpg","SI"
"18/07/2014 9.21.07","Museo dei Grandi Fiumi","Piazzale San Bartolomeo 18 Rovigo","45.064581","11.796723","http://www.museograndifiumi.it/","museograndifiumi@comune.rovigo.it",,"http://www.museograndifiumi.it/MyPortal/comuneRovigo/museo/img/fetonte_sito.gif","SI"
"18/07/2014 9.27.07","Pinacoteca dell'Accademia dei Concordi","Piazza Vittorio Emanuele II 14 Rovigo","45.070951","11.790268","http://www.concordi.it/","concordi@concordi.it",,"http://www.concordi.it/immagini/titolo_index.jpg","SI"
"18/07/2014 9.33.18","Museo Storico della Giostra e dello Spettacolo Popolare","Piazza Matteotti 85 Bergantino Rovigo","45.059651","11.251873","http://www.museodellagiostra.it/mep/it","informazioni@museodellagiostra.it",,"http://www.rovigoinbici.it/wp-content/uploads/giostra.jpg","SI"
"18/07/2014 9.35.05","Piccolo museo del diario","piazza Amintore Fanfani N.14 Pieve Santo Stefano Arezzo","43.66878","12.0418","http://www.archiviodiari.org/index.php/iniziative-e-progetti/piccolo-museo-del-diario.html","c.cangi@archiviodiari.it","archiviodiari","https://fbcdn-profile-a.akamaihd.net/hprofile-ak-xaf1/t1.0-1/c0.1.148.148/p148x148/376314_445822932124136_199907590_n.jpg","SI"
"18/07/2014 9.35.59","Museo Nazionale G.A. Sanna","Via Roma N. 64 Sassari","40.7224","8.56694","http://www.museosannasassari.beniculturali.it","museosanna@beniculturali.it","MuseoSannaSS","https://scontent-a-mxp.xx.fbcdn.net/hphotos-xap1/t31.0-8/1026177_409029639243482_94242860_o.jpg","SI"
"18/07/2014 9.37.10","Centro visita della fauna appenninica - Museo ""O. Caporaso""","Via Roma N. 51 Castel San Vincenzo IS","41.82046","14.19434",,"associazionelameta@gmail.com",,"https://fbcdn-sphotos-a-a.akamaihd.net/hphotos-ak-prn2/t1.0-9/1393880_540978495982851_924716181_n.jpg","SI"
"18/07/2014 9.38.41","Museo diocesano ""Mons. Aurelio Sorrentino""","via Tommaso Campanella 63 Reggio Calabria","38.12051","15.6617","http://www.museodiocesanoreggiocalabria.it","info@museodiocesanoreggiocalabria.it","MuseoDiocesanRC","http://www.museodiocesanoreggiocalabria.it/templates/museodiocesano/images/logo.png","SI"
"18/07/2014 9.41.32","Casa Museo Giacomo Matteotti","via Ruga 1 Fratta Polesine Rovigo","45.032795","11.641492","https://www.facebook.com/CasaMuseoGiacomoMatteotti/info","cedi@turismocultura.it",,"http://www.viavainet.it/files/2012/06/eventi/casalocandina.jpg","SI"
"18/07/2014 9.46.44","Città della Scienza","Via Coroglio 104 Napoli 80124","40.80467","14.17479","http://www.cittadellascienza.it","comunica@cittadellascienza.it","cittascienza","https://scontent-a.xx.fbcdn.net/hphotos-prn2/t31.0-8/s960x960/1026164_536510909742266_1808672827_o.png","SI"
"18/07/2014 9.57.10","Museo delle Maschere Mediterranee","Piazza Europa n. 15 Mamoiada","40.21101","9.28353","http://www.museodellemaschere.it","info@museodellemaschere.it","MuseoMaschere","http://museodellemascheremamoiada.todosmart.net/images/ths-logo.jpg","SI"
"18/07/2014 10.01.15","Museo della Cultura e del Lavoro","Via Sardegna n. 17 Mamoiada","40.21362","9.28339","http://www.viseras.it","info@viseras.it",,"http://www.viseras.it/img/logo%20newsletter.jpg","SI"
"18/07/2014 10.04.25","MATER","Via Manno n. 18 Mamoiada","40.21289","9.28367","http://www.museomater.com","info@museomater.com",,"http://museodellemascheremamoiada.todosmart.net/images/ths-logoneromater.jpg","SI"
"18/07/2014 10.09.05","Musei Civici di Valstagna","Via Garibaldi 27 Valstagna","45.85953","11.65817","http://www.museivalstagna.it","info@museivalstagna.it",,"https://fbcdn-sphotos-a-a.akamaihd.net/hphotos-ak-xpa1/t1.0-9/28620_116019215087463_4782332_n.jpg","SI"
"18/07/2014 10.25.18","Monastero dei Benedettini di San Nicolò L'Arena","Piazza Dante N. 32 Catania","37.5042 ","15.07941","http://www.monasterodeibenedettini.it/","info@officineculturali.net","monasteroCT","http://www.monasterodeibenedettini.it/logo.png","SI"
"18/07/2014 10.26.06","Museo Diocesano","Corso di Porta Ticinese 95 Milano","45.45496","9.18096","http://www.museodiocesano.it","mariaelenacolombo@museodiocesano.it","MUDIMilano",,"SI"
"18/07/2014 10.38.42","MAGICHE TRASPARENZE","Via Roma n. 58 Albenga (SV)","44.04815","8.21333","http://palazzooddo.it/","info@palazzooddo.it","palazzooddo","http://www.palazzooddo.it/public/Gallery/Foto/asero0220100423.jpg","SI"
"18/07/2014 10.49.18","Museo Carlo Zauli","Via Croce n. 6 Faenza","44.28748","11.88668","http://www.museozauli.it/","museocarlozauli@gmail.com","museocarlozauli","http://www.museozauli.it/wp-content/uploads/2013/04/m_zauli.jpg","SI"
"18/07/2014 11.28.06","QuoquoMuseo del Gusto","Via Santo Elia N. 53 73016 San Cesario di Lecce","40.301613","18.156129","http://www.quoquo.it/","info@quoquo.it","QuoquoMuseo","https://fbcdn-sphotos-d-a.akamaihd.net/hphotos-ak-frc3/v/t1.0-9/285688_466768850045305_2465480_n.jpg?oh=ebfbaa17b8cc727772fec0fad3f268de&oe=543E2DCA&__gda__=1412969589_4e7d0f933b6deaf4eaa3c44a4c10c88c","SI"
"18/07/2014 11.47.29","MOA Museum of Operation Avalanche","Via Sant'Antonio N. 5 Eboli (Salerno)","40.62298 ","15.05784","http://www.avalanche1943.it/","direzione@avalanche1943.it",,,"SI"
"18/07/2014 12.02.29","HangarBicocca","Via Chiese 2 Milano","45.52032","9.21854","http://www.hangarbicocca.org/","info@hangarbicocca.org","hangarbicocca","https://scontent-b-mxp.xx.fbcdn.net/hphotos-xpf1/t1.0-9/1782021_656592207712482_690626328_n.png","SI"
"18/07/2014 12.10.50","Museo Civico Pinacoteca Crociani","Via Ricci N.10 Montepulciano ","43.09333","11.78095","http://www.museocivicomontepulciano.it","civico.museo@libero.it","Museo_Crociani","https://fbcdn-sphotos-e-a.akamaihd.net/hphotos-ak-frc1/t1.0-9/227943_102997406457094_4812239_n.jpg","SI"
"18/07/2014 12.22.37","Musei Altovicentino","Largo Morandi 1 Malo (VI)","45.65965","11.40378","http://www.museialtovicentino.it","info@museialtovicentino.it","MuseiAltoVi","https://scontent-b-mxp.xx.fbcdn.net/hphotos-xpf1/t1.0-9/10523203_518397454926927_7163328055549548322_n.jpg","SI"
"18/07/2014 12.57.39","Museo Nazionale della Montagna","Piazzale Monte dei Cappuccini 7 Torino","45.05954","7.69702","http://www.museomontagna.org/it/home/index.php","posta@museomontagna.org","museomontagna","https://pbs.twimg.com/profile_images/3465745712/6a3181a430ac7deefc54c175543624dd_400x400.jpeg","SI"
"18/07/2014 13.41.59","Villa Palagonia","Piazza Garibaldi 30 Bagheria","38.07951","13.51139","http://www.villapalagonia.it","irene.ted@iol.it","VillaPalagonia","https://scontent-a-mxp.xx.fbcdn.net/hphotos-xpf1/t31.0-8/p180x540/1399335_170173419848319_2052930908_o.jpg","SI"
"18/07/2014 14.29.37","Museo d'arte contemporanea ""Giuseppe e Titina dal Verme""","Castello Dal Verme Via Carlo Dal Verme 4 Zavattarello (Pavia)","44.86956","9.26246","http://www.zavattarello.org/castello_arte.html","castello@zavattarello.org","CastelloZava","http://www.zavattarello.org/immagini/panoramacastello.jpg","SI"
"18/07/2014 14.44.34","Museo del Tesoro del Duomo","Vercelli","45.32968","8.42272","http://www.tesorodelduomovc.it","info@tesorodelduomovc.it","https://twitter.com/MTDvercelli","https://scontent-b-ams.xx.fbcdn.net/hphotos-xfa1/v/t1.0-9/419104_244035009007511_816594077_n.jpg?oh=0741831f771b3c4b11400c57f26c86b5&oe=5433C797","SI"
"18/07/2014 14.51.10","Museo della Vita Contadina ""Cjase Cocèl""","Via Lisignana N.40 Fagagna","46.11447","13.09423","http://www.facebook.com/pages/Museo-della-vita-contadina-Cjase-Coc%C3%A8l/491022231027439?fref=photo","cultura@comune.fagagna.ud.it","cjasecocel","https://fbcdn-sphotos-g-a.akamaihd.net/hphotos-ak-xaf1/t31.0-8/p180x540/1278149_491416147654714_593973205_o.jpg","SI"
"18/07/2014 15.00.45","Palazzo Pepoli. Museo della Storia di Bologna","Via Castiglione N. 8 Bologna","44.492158","11.346366","http://www.genusbononiae.it","msb@genusbononiae.it","GenusBononiae","http://www.genusbononiae.it/i/top_small.jpg","SI"
"18/07/2014 15.21.09","Museo Archeologico Nazionale di Firenze","Piazza SS. Annunziata 9b Firenze","43.7765","11.26138","http://archeotoscana.wordpress.com/","museofirenze@gmail.com","MAF_Firenze","https://archeotoscana.files.wordpress.com/2014/07/logoviola.jpg","SI"
"18/07/2014 15.48.23","Palazzo Fava. Palazzo delle Esposizioni","Via Manzoni N. 2 Bologna","44.5729","11.36197","http://www.genusbononiae.it/index.php","palazzofava@genusbononiae.it","genusbononiae","http://www.genusbononiae.it/lib/top/26.jpg","SI"
"18/07/2014 16.01.15","Museo Archeologico Nazionale Antiquarium Turritano","Via Ponte Romano n. 99 Porto Torres ","40.83857","8.39705","https://www.facebook.com/pages/Antiquarium-Turritano/439877009382552?ref=hl","loreta.pluchino@beniculturali.it","MuseoArcheoPT","https://scontent-a-mxp.xx.fbcdn.net/hphotos-xfp1/t1.0-9/10488361_700522676651316_1985050944265663192_n.jpg","SI"
"18/07/2014 16.35.34","Mart – Museo di arte moderna e contemporanea di Trento e Rovereto","Corso Bettini 43 Rovereto (TN)","45.89397","11.04467","http://www.mart.trento.it/","info@mart.trento.it","mart_museum","https://photos-3.dropbox.com/t/0/AAAgxbKS_xVa1pz9bP6rFSfCkCqecDFSzfdtrKOmJlVslQ/12/4945698/jpeg/1024x768/3/1405699200/0/2/mart.jpg/Jx5usqAiYdyMNFjlaY8yzd3FARnfpy2YQBAuv2CNdSo","SI"
"18/07/2014 16.13.12","Casa d’arte futurista Depero","Via dei Portici 38 Rovereto (TN)","45.887915","11.045106","http://www.mart.trento.it/casadepero","info@mart.trento.it","mart_museum","https://photos-3.dropbox.com/t/0/AABoJXY20gaf5O9XJuFmTfGoc92WOShVBTXKAYVKl0ic5w/12/4945698/jpeg/1024x768/3/1405699200/0/2/depero.jpg/svdf9geFAM_-OlmEep_dHgCwEw5I-XnRwB7CG2KFRcY","SI"
"18/07/2014 16.28.45","Galleria Civica di Trento","Via Belenzani 44 Trento","46.068424","11.121172","http://www.mart.trento.it/galleriacivica","info@mart.trento.it","mart_museum","https://photos-4.dropbox.com/t/0/AADci-SmmQqoGyJdh2rQ5fn2Z81KReYU5D131gK35cwUWA/12/4945698/jpeg/1024x768/3/1405699200/0/2/civica.jpg/0HMIo_a0IuLIeScaLZZPva9VDIpti-K8dImWFag4cYc","SI"
"18/07/2014 16.35.16","Museo Archeominerario di Castiglione Chiavarese","Via Giuseppe Mazzini 20 località Masso Castiglione Chiavarese (GE)","44.2682","9.49227","http://www.mucast.it/musel/","info@mucast.it","Mucast_Masso","http://www.musel.it/musel/resources/cms/images/Foto_verticale_miniera_d0.JPG","SI"
"18/07/2014 17.56.57","Museo Casa del Nespolo","Via arc. De Maria n.15 Acitrezza","37.56323","15.16106","https://www.facebook.com/pages/museo-casa-del-nespolo/125214325632?ref_type=bookmark","museo_casadelnespolo@yahoo.it",,"https://scontent-a-mxp.xx.fbcdn.net/hphotos-xfp1/t1.0-9/292753_10150275340285633_1478886_n.jpg","SI"
"18/07/2014 18.16.59","Museo di Antichità","Via XX Settembre 88 Torino","45.07491","7.68798","http://www.museoarcheologicotorino.beniculturali.it","federica.pepi@beniculturali.it","MuseoArcheTO",,"SI"
"18/07/2014 18.33.37","Sistema Museale Ugento","Largo Sant'Antonio N.1 Ugento ","39.92428","18.15886","http://www.sistemamusealeugento.it/","sistemamuseale@comune.ugento.le.it","SMusealeUgento","https://fbcdn-sphotos-f-a.akamaihd.net/hphotos-ak-xfp1/t1.0-9/10556231_1445224175761670_1416164470526581483_n.jpg","SI"
"18/07/2014 19.09.17","Castello Angioino de Sangro","Piazza Municipio Civitacampomarano CB","41.78038","14.68969","http://sbap-molise.beniculturali.it","sbap-mol@beniculturali.it","SBAPMolise","http://151.12.58.173/munamol/wp-content/uploads/2013/04/castello-pandone_01-611x227.jpg","SI"
"18/07/2014 22.30.06","Herborarium Museum","Via Crociferi n. 16 Catania","38.77122","15.60059","http://www.herborarium.com/","museo.herborarium@gmail.com","Herborarium","https://fbcdn-sphotos-c-a.akamaihd.net/hphotos-ak-xaf1/t1.0-9/480571_436545453077758_1374514424_n.jpg","SI"
"19/07/2014 11.00.15","Museo Piemontese dell'Informatica - MuPIn","Strada Carignano 48 Moncalieri (TO)","44.99215","7.67022","http://www.mupin.it","info@mupin.it","Mupin_It","https://pbs.twimg.com/profile_images/1963276269/MuPIn_Logo_web_full_400x400.jpg","SI"
"19/07/2014 11.54.13","Magazzino dei Venti-Museo della Bora","Via Belpoggio 9 Trieste","45.644333","13.760919","http://www.museobora.org","museobora@iol.it","MuseoBora","http://museobora.org/main.php","SI"
"19/07/2014 12.04.40","Museo dell'orologio da Torre Bergallo","Via Can. Folco 10 - Bardino Nuovo - Tovo San Giacomo (SV)","44.19007","8.26063","http://www.museodellorologio.it/it/home","info@arcadiacss.it","museobergallo","https://encrypted-tbn3.gstatic.com/images?q=tbn:ANd9GcSfcd98W-XunHy4MRt_ddNfb8l__7S-L0NpFnhjlmZXqQTaKayB","SI"
"19/07/2014 14.08.49","Museo del Tessile","Via G.Demaria N. 10 Chieri ","45.01053","7.82283","http://www.fondazionetessilchieri.com","info@fondazionetessilchieri.com",,"http://oi57.tinypic.com/2w23a6w.jpg","SI"
"19/07/2014 17.44.01","Museo delle Carte Noto","Corso Vittorio Emanuele 127 Noto","36.89048","15.07188","http://www.museodellecarte.it","santopietrogiannone@virgilio.it",,,"SI"
"20/07/2014 8.16.05","Museo Ornitologico di Marostica ""Collezione Massimino Dalla Riva""","Via Cansignorio della Scala 2 Marostica (VI)","45.7497","11.65123","http://www.museoornitologico.org","info@museoornitologico.org",,"http://www.museoornitologico.org/images/scuola.JPG","SI"
"20/07/2014 16.35.17","MAT Museo dell'Alto Tavoliere","Piazza san Francesco N.48 San Severo","41.687507","15.378955","https://www.facebook.com/museoaltotavoliere","museoaltotavoliere@email.it","MATSanSevero","https://fbcdn-profile-a.akamaihd.net/hprofile-ak-xpa1/t1.0-1/c0.0.160.160/p160x160/10414537_672196232852678_6191183293210896473_n.jpg","SI"
"20/07/2014 21.09.24","Museo Nivola","Via Gonare N. 2 Orani","40.24914","9.18045","http://www.museonivola.it","museo.nivola@tiscali.it","Museo_Nivola",,"SI"
"21/07/2014 8.44.49","Museo Nazionale Preistorico Etnografico Luigi Pigorini","Piazza Guglielmo Marconi n. 14 Roma","41.83258","12.47157","http://www.pigorini.beniculturali.it","s-mnpe.comunicazione@beniculturali.it","MuseoPigorini","http://www.pigorini.beniculturali.it/images/esterno%20museo%20pigorini.jpg","SI"
"21/07/2014 8.57.08","Museo del Grano","C/da Convento Jelsi (CB)","41.51381","14.7851","http://www.comune.jelsi.cb.it/turismo/museo-del-grano-la-vetrina-racconta.html","inesmignogna@hotmail.it",,"https://scontent-a-mxp.xx.fbcdn.net/hphotos-xfp1/v/t1.0-9/230848_108582732633752_1613866304_n.jpg?oh=210cf05d3a782e635e11d8d19b559e6e&oe=54551A0A","SI"
"21/07/2014 14.45.34","MUSEO ARCHEOLOGICO STATALE DI ARCEVIA","CORSO MAZZINI N.64 ARCEVIA","43.49776","12.93674","http://www.archeomarche.beniculturali.it/index.php?it/115/museo-archeologico-statale-di-arcevia","silvia.ercoli@beniculturali.it","museoarcevia","https://www.facebook.com/photo.php?fbid=806459939377664&set=a.727581337265525.1073741827.726741427349516&type=1&theater.jpg","SI"
"21/07/2014 14.53.04","MACA (Museo Arte Contemporanea Acri)","Piazza G. Falcone N.1 Acri (Cs)","39.48773","16.38334","http://www.museomaca.it","info@museomaca.it","museomaca","http://www.museomaca.it/images/logos/piccolo.jpg","SI"
"21/07/2014 17.07.05","Museo Nazionale del Cinema","Mole Antonelliana - Via Montebello 20 Torino","45.06901","7.69297","http://www.museocinema.it","comunicazione@museocinema.it","museocinema","http://www.museocinema.it/img/logo_mnc.png","SI"
"21/07/2014 18.02.24","Museo Provinciale Sigismondo Castromediano","Viale Gallipoli N. 28 Lecce","40.3469","18.17039",,"museo@provincia.le.it","MuseoCastromed","https://fbcdn-profile-a.akamaihd.net/hprofile-ak-xfp1/t1.0-1/c11.0.160.160/p160x160/10547541_595137100604612_7687985735096383116_n.png","SI"
"21/07/2014 19.16.46","Museo civico di Belriguardo","Via Provinciale N. 221 Voghiera (FE)","44.75314","11.75605","http://www.voghieraonline.it/198/museo-civico-di-belriguardo","protocollo@comune.voghiera.fe.it",,"https://scontent-b-mxp.xx.fbcdn.net/hphotos-xpa1/t1.0-9/10459109_10204062965721790_6132490324508487097_n.jpg","SI"
"21/07/2014 22.54.17","ARS MUSEI SICILIANI","SICILIA","38.03594","12.59117","http://paper.li/f-1373495391","garuccio.andrea@gmail.com","SicilianMuseums","https://pbs.twimg.com/profile_images/448045086702444544/NiPVy8Mg.jpeg","SI"
"21/07/2014 23.49.40","Galleria Arte Moderna di Palermo","Via Sant'Anna Palermo","38.11513 ","13.3657","http://www.galleriadartemodernapalermo.it/mediacenter/FE/home.aspx","servizimuseali@galleriadartemodernapalermo.it","GAM_Palermo","http://www.galleriadartemodernapalermo.it/static/gam-logoHeaderAll.png","SI"
"22/07/2014 10.01.43","Museo MA*GA","Via De Magri N.1 Gallarate","45.65573","8.79934","http://www.museomaga.it","didattica@museomaga.it","MuseoMaga","https://fbcdn-sphotos-b-a.akamaihd.net/hphotos-ak-xpa1/t1.0-9/996055_686744961349696_817629521_n.jpg","SI"
"22/07/2014 10.08.24","Castello Murat","Via Roma","38.73567","16.16016","http://www.cooperativakairos.net/","kairospizzo@gmail.com",,"https://scontent-b-mxp.xx.fbcdn.net/hphotos-xfa1/t1.0-9/10151830_1483666675195104_963189495_n.jpg","SI"
"22/07/2014 11.12.48","Museo Storico-Archeologico (MUSA)","via di Valesio angolo viale S. Nicola Lecce","40.35827"," 18.16611","http://www.musa.unisalento.it","infomusa@unisalento.it","MusaUnisalento","https://pbs.twimg.com/profile_images/445526118959828992/D7vKFkZk_400x400.jpeg","SI"
"22/07/2014 11.47.08","Museo Diocesano e Battistero paleocristiano Albenga","via Episcopio 5 Albenga","44.04957","8.213","https://www.facebook.com/Museo.Diocesano.Battistero.Albenga?ref=hl","museodiocesano.albenga@hotmail.com","Mudialbenga","https://scontent-a.xx.fbcdn.net/hphotos-xfa1/t31.0-8/c0.243.851.315/p851x315/10298543_683535308374342_848185253000019773_o.jpg","SI"
"22/07/2014 15.21.18","Museo Egizio Torino","Via Accademia delle Scienze N. 6 Torino","45.069446","7.684274","http://www.museoegizio.it/","info@museoegizio.it","MuseoEgizio","https://fbcdn-profile-a.akamaihd.net/hprofile-ak-xpf1/t1.0-1/10390072_10154168160920103_4645027159565699752_n.png","SI"
"22/07/2014 17.36.20","MAR - Museo d'Arte della città di Ravenna","via di Roma 13 Ravenna","44.41387","12.20666","http://www.mar.ra.it/ita/","info@museocitta.ra.it","https://twitter.com/MuseoRa","http://www.mar.ra.it/img/logo.jpg","SI"
"22/07/2014 17.24.57","Palazzo Asmundo ","Via Pietro Novelli 3  Palermo","38.11333","13.35621","http://www.palazzoasmundo.com","palazzoasmundo@iol.it","PalazzoAsmundo","http://www.palazzoasmundo.com/img/home-splash.png","SI"
"22/07/2014 19.16.14","MO.C.A. MONTECATINI CONTEMPORARY ART","VIALE VERDI N. 46","43.88411","10.77276","http://mocamontecatini.it","mocamct@gmail.com","mocaemcterme","http://www.comune.montecatini-terme.pt.it/upload/montecatiniterme_ecm8/gestionebanner/moca_7036_217.jpg","SI"
"22/07/2014 22.29.59","Museo Archeologico ""Antonino Salinas""","Piazza Olivella Palermo","38.120755","13.360196","https://www.facebook.com/Museo.Archeologico.Antonino.Salinas.Palermo","museoarcheosalinas@gmail.com","MuseoSalinas","https://fbcdn-sphotos-d-a.akamaihd.net/hphotos-ak-xpf1/t1.0-9/1969236_701772116511586_2022776434_n.jpg","SI"
"22/07/2014 23.17.03","Polo Museale Ascoli Satriano","Via Santa Maria del Popolo 68","41.21085","15.56155","http://polomusealeascolisatriano.blogspot.it","polomusealeas@gmail.com","PoloMusealeAS","https://lh6.googleusercontent.com/-q54QaocXzoc/UTocRL4Je0I/AAAAAAAAAHc/1pKbpuiaxLM/w640-h401-no/3_sostegno_di_mensa2.jpg","SI"
"23/07/2014 10.15.24","Museo Civico di Palazzo Mazzetti","Corso Vittorio Alfieri n. 357 Asti","44.8994049","8.2005161 ","http://www.palazzomazzetti.it","segreteria@palazzomazzetti.it","PalazzoMazzetti","http://www.palazzomazzetti.com/wp-content/uploads/2013/04/1_08_sala_galleria_mazzetti.jpg","SI"
"23/07/2014 11.07.53","MUSMA Museo della Scultura Contemporanea Matera","Palazzo Pomarici - Via San Giacomo (Sasso Caveoso)","40.66609","16.61225","http://www.musma.it","info@musma.it","MUSMAMuseo","http://www.musma.it/images/stories/Logomusma/logomusma.jpg","SI"
"23/07/2014 11.31.50","MUSEO ACHEOLOGICO VIRTUALE","Via IV Novembre n. 44 ERCOLANO","40.80693","14.35075","http://www.museomav.it","info@museomav.it","https://twitter.com/MuseoMav","http://www.museomav.it/logo.jpg","SI"
"23/07/2014 12.04.09","Museo Santa Giulia","Via Musei n.81 Brescia","45.53922","10.22913","http://www.bresciamusei.com/","segreteria@bresciamusei.com","BresciaMusei","https://fbcdn-profile-a.akamaihd.net/hprofile-ak-xpa1/t1.0-1/p160x160/1375237_557267750995794_1780513306_n.jpg","SI"
"23/07/2014 14.56.43","Museo delle Armi L. Marzoli","Via Castello n.9 Brescia","45.54293","10.22537","http://www.bresciamusei.com/","segreteria@bresciamusei.com","BresciaMusei","https://fbcdn-profile-a.akamaihd.net/hprofile-ak-xpa1/t1.0-1/p160x160/1375237_557267750995794_1780513306_n.jpg","SI"
"23/07/2014 15.05.08","Museo Risorgimento","Via Castello n.9 Brescia","45.5429","10.22452","http://www.bresciamusei.com/","segreteria@bresciamusei.com","BresciaMusei","https://fbcdn-profile-a.akamaihd.net/hprofile-ak-xpa1/t1.0-1/p160x160/1375237_557267750995794_1780513306_n.jpg","SI"
"23/07/2014 15.11.27","Area archeologica del Capitolium","Via Musei n.55 Brescia","45.53963","10.22557","http://www.bresciamusei.com/","segreteria@bresciamusei.com","BresciaMusei","https://fbcdn-profile-a.akamaihd.net/hprofile-ak-xpa1/t1.0-1/p160x160/1375237_557267750995794_1780513306_n.jpg","SI"
"23/07/2014 15.23.27","Pinacoteca Tosio Martinengo","Piazza Moretto n.4 Brescia","45.53475","10.22572","http://www.bresciamusei.com/","segreteria@bresciamusei.com","BresciaMusei","https://fbcdn-profile-a.akamaihd.net/hprofile-ak-xpa1/t1.0-1/p160x160/1375237_557267750995794_1780513306_n.jpg","SI"
"23/07/2014 18.02.28","Fondazione Querini Stampalia","Castello 5252 Venezia","45.43653","12.34138","http://www.querinistampalia.org/ita/home_page.php","ufficiostampa@querinistampalia.org","QueriniVenezia","https://fbcdn-profile-a.akamaihd.net/hprofile-ak-xap1/t1.0-1/c12.12.155.155/544659_10151570123946844_960659243_n.jpg","SI"
"23/07/2014 22.59.11","Museo Nazionale dell'Alto Medioevo","Viale Lincoln N.3 Roma","41.83221","12.472","http://archeoroma.beniculturali.it/","ssba-rm.ostia.medioevo@beniculturali.it","Museo_MAME"," https://scontent-a-mxp.xx.fbcdn.net/hphotos-xaf1/v/t1.0-9/10367189_645940975489462_8308817785754443088_n.png?oh=462237063f137ee3f9eb243c03e74668&oe=5442C6A3","SI"
"24/07/2014 12.14.32","Via del Campo 29 Rosso","Via del Campo 29r Genova","44.41237","8.92836","http://www.viadelcampo29rosso.com/","info@viadelcampo29rosso.com","viadelcampo29r","https://pbs.twimg.com/profile_images/1240293784/logo_128_400x400.jpg","SI"
"24/07/2014 12.25.12","Museo Archeologico Nazionale delle Marche","Via Ferretti 6 Ancona","43.62338","13.51086","http://www.archeomarche.beniculturali.it/index.php?it/112/museo-archeologico-nazionale-delle-marche","sba-mar.museoancona@beniculturali.it","MANM_Ancona","https://fbcdn-profile-a.akamaihd.net/hprofile-ak-xpf1/t1.0-1/c0.1.160.160/p160x160/1526439_806732879340243_980874548_n.jpg","SI"
"24/07/2014 15.24.57","Galleria Nazionale di Palazzo Spinola","Piazza Pellicceria 1 Genova","44.410624","8.930532","http://www.facebook.com/palazzospinola","palazzospinola.didattica@beniculturali.it","palazzospinola","https://www.dropbox.com/s/tp5i4p9tlbupzpp/1390632_444891112287834_2047442905_n.jpg?n=65426145","SI"
"24/07/2014 16.34.16","GNAM","Viale delle Belle Arti 131","41.9169"," 12.47946","http://www.gnam.beniculturali.it","s-gnam.web@beniculturali.it","GNAM_Roma","https://pbs.twimg.com/profile_images/476666126433128448/RQUU44jq_400x400.jpeg","SI"
"24/07/2014 19.37.07","Museo Archeologico Provinciale di Salerno","Via San Benedetto 28 Salerno","40.67901","14.76227","http://www.museoarcheologicosalerno.it","info@museoarcheologicosalerno.it","MuseoArcheoSA","https://www.facebook.com/MuseoArcheologicoProvincialeDiSalerno/photos/a.452306198197956.1073741827.452285834866659/461794330582476/?type=1&theater","SI"
"25/07/2014 7.57.10","Museo Didattico della Seta","Via Castelnuovo 9 Como","45.80486","9.09868","http://www.museosetacomo.com/","info@museosetacomo.com",,,"SI"
"25/07/2014 10.42.25","Musei Capitolini","Piazza del Campidoglio 1 00186 Roma","41.89325","12.48298","http://www.museicapitolini.org/","info.museicapitolini@comune.roma.it","museiincomune","http://www.museicapitolini.org/extension/museicivici_user/design/common/images/header/loghi/museicapitolini.jpg",
"25/07/2014 12.12.10","Ecomuseo Sogno di Luce","via Matteotti 2 Alpignano","45.09803","7.52626","http://ecomuseo.comune.alpignano.to.it/start.htm","ecomuseo.cruto.alpignano@gmail.com","EcomuseoCruto","https://fbcdn-sphotos-b-a.akamaihd.net/hphotos-ak-xpf1/t1.0-9/189648_101131706635194_243497_n.jpg","SI"
"25/07/2014 12.35.28","Area archeologica ""Massaciuccoli romana""","Via Pietra a Padule Massaciuccoli (Massarosa- LU)","43.83641","10.3601","http://www.massaciuccoliromana.it","info@massaciuccoliromana.it","MassaciuccoliRo","https://scontent-b-mxp.xx.fbcdn.net/hphotos-xpa1/t1.0-9/1234050_515921275167629_728366878_n.jpg","SI"
"25/07/2014 16.45.08","MUSEO TATTILE VARESE","VIA CARACCIOLO 46 VARESE","45.83088","8.7981)","http://www.controluceonlus.org","l.cornaggia@controluceonlus.org","museotattile_VA","https://fbcdn-sphotos-f-a.akamaihd.net/hphotos-ak-xpf1/t1.0-9/292853_101276250038644_999446541_n.jpg","SI"
"26/07/2014 15.59.56","Palazzo Strozzi","Piazza Strozzi Firenze","43.77127","11.2519","http://www.palazzostrozzi.org/","info@palazzostrozzi.org","palazzostrozzi","https://scontent-a-mxp.xx.fbcdn.net/hphotos-xaf1/v/t1.0-9/321448_10151382726474059_1058979860_n.jpg?oh=35c35ac1e1ebf3a014b61ddc9b341659&oe=544A638F","SI"
"28/07/2014 14.01.36","Museo Archeologico di Segni","Via Lauri N.1 Segni","41.69302","13.02362","http://www.museosegni.it/","info@museosegni.it","MuseoSegni","https://scontent-b-mxp.xx.fbcdn.net/hphotos-xap1/t31.0-8/892787_478314382222179_912983361_o.jpg","SI"
"28/07/2014 14.25.38","Centrale Montemartini","Via Ostiense N. 106 Roma","41.86672","12.47809","http://www.centralemontemartini.org/","info.centralemontemartini@comune.roma.it","museiincomune","http://www.centralemontemartini.org/extension/museicivici_user/design/common/images/header/loghi/centralemontemartini.jpg","SI"
"28/07/2014 14.30.52","Mercati di Traiano - Museo dei Fori Imperiali","Via IV Novembre N. 94 Roma","41.89608"," 12.48602","http://www.mercatiditraiano.it/","info@mercatiditraiano.it","museiincomune","http://www.mercatiditraiano.it/extension/museicivici_user/design/common/images/header/loghi/mercatiditraiano.jpg","SI"
"28/07/2014 14.52.38","Museo dell'Ara Pacis","Lungotevere in Augusta (angolo via Tomacelli) Roma","41.90612","12.47544","http://www.arapacis.it/","info.arapacis@comune.roma.it","museiincomune","http://www.arapacis.it/extension/museicivici_user/design/common/images/header/loghi/museodellarapacis.jpg","SI"
"28/07/2014 14.58.03","Museo di Scultura Antica Giovanni Barracco","Corso Vittorio Emanuele N. 166/A Roma","41.89669","12.47262","http://www.museobarracco.it/","info.museobarracco@comune.roma.it","museiincomune","http://www.museobarracco.it/extension/museicivici_user/design/common/images/header/loghi/museobarracco.jpg","SI"
"28/07/2014 15.00.44","Museo di Roma","Piazza San Pantaleo N. 10 Roma","41.89763","12.47271","http://www.museodiroma.it/","museodiroma@comune.roma.it","museiincomune","http://www.museodiroma.it/extension/museicivici_user/design/common/images/header/loghi/museodiroma.jpg","SI"
"28/07/2014 15.20.47","Museo delle Mura","Via di Porta San Sebastiano N. 18 Roma","41.87345","12.50148","http://www.museodellemuraroma.it/","museomura@zetema.it","museiincomune","http://www.museodellemuraroma.it/extension/museicivici_user/design/common/images/header/loghi/museodellemura.jpg","SI"
"28/07/2014 15.27.40","Villa di Massenzio","Via Appia Antica N. 153 Roma","41.85414","12.51842","http://www.villadimassenzio.it/","info@museiincomuneroma.it","museiincomune","http://www.villadimassenzio.it/extension/museicivici_user/design/common/images/header/loghi/villadimassenzio.jpg","SI"
"28/07/2014 15.33.46","Museo della Repubblica Romana e della memoria garibaldina","Largo di Porta San Pancrazio Roma","41.88849","12.46156","http://www.museodellarepubblicaromana.it/","info@museodellarepubblicaromana.it","museiincomune","http://www.museodellarepubblicaromana.it/extension/museicivici_user/design/common/images/header/loghi/museodellarepubblicaromana.jpg","SI"
"28/07/2014 15.36.40","Museo Napoleonico","Piazza di Ponte Umberto I N. 1 Roma","41.90183","12.472","http://www.museonapoleonico.it/","napoleonico@comune.roma.it","museiincomune","http://www.museonapoleonico.it/extension/museicivici_user/design/common/images/header/loghi/museonapoleonico.jpg","SI"
"28/07/2014 15.44.57","Casa Museo Alberto Moravia","Lungotevere della Vittoria N. 1 Roma","41.92133","12.46661","http://www.casaalbertomoravia.it/","info@fondoalbertomoravia.it","museiincomune","http://www.casaalbertomoravia.it/extension/museicivici_user/design/common/images/header/loghi/casamuseoalbertomoravia.jpg","SI"
"28/07/2014 15.51.20","Museo della Civiltà Romana","Piazza G. Agnelli N. 10 Roma ","41.83198","12.47804","http://www.museociviltaromana.it/","info.museociviltaromana@comune.roma.it","museiincomune","http://www.museociviltaromana.it/extension/museicivici_user/design/common/images/header/loghi/museodellaciviltaromana.jpg","SI"
"28/07/2014 15.55.05","Galleria Comunale d'Arte Moderna","Via Francesco Crispi N. 24 Roma","41.90386","12.4858","http://www.galleriaartemodernaroma.it/","info@galleriaartemodernaroma.it","museiincomune","http://www.galleriaartemodernaroma.it/extension/museicivici_user/design/common/images/header/loghi/galleriadartemoderna.jpg","SI"
"28/07/2014 16.08.21","MACRO - Museo d'Arte Contemporanea Roma","Via Nizza N. 138 Roma","41.91321","12.50316","http://www.museomacro.org/","macro@comune.roma.it","MACRO_Roma","http://museomacro.org/sites/default/files/logo.png","SI"
"28/07/2014 16.25.35","MACRO Testaccio","Piazza Orazio Giustiniani N. 4 Roma","41.87648","12.47337","http://www.museomacro.org/it/macro-testaccio","macro@comune.roma.it","MACRO_Roma","http://museomacro.org/sites/default/files/logo.png","SI"
"28/07/2014 16.30.41","Museo Carlo Bilotti"," Viale dell'Aranciera Roma","41.91334","12.48334","http://www.museocarlobilotti.it/","nfo@museocarlobilotti.it","museiincomune","http://www.museocarlobilotti.it/extension/museicivici_user/design/common/images/header/loghi/museocarlobilotti.jpg","SI"
"28/07/2014 16.33.24","Museo Pietro Canonica","Viale Pietro Canonica N. 2 Roma","41.9151","12.48647","http://www.museocanonica.it/","info@museocanonica.it","museiincomune","http://www.museocanonica.it/extension/museicivici_user/design/common/images/header/loghi/museopietrocanonica.jpg","SI"
"28/07/2014 16.36.04","Museo di Roma in Trastevere","Piazza Sant'Egidio N. 1B Roma","41.88985","12.46902","http://www.museodiromaintrastevere.it/","museodiroma.trastevere@comune.roma.it","museiincomune","http://www.museodiromaintrastevere.it/extension/museicivici_user/design/common/images/header/loghi/museodiromaintrastevere.jpg","SI"
"28/07/2014 16.41.05","Casino Nobile - Musei di Villa Torlonia","Via Nomentana N. 70 Roma","41.91476","12.51132","http://www.museivillatorlonia.it/","villeparchistorici@comune.roma.it","museiincomune","http://www.museivillatorlonia.it/extension/museicivici_user/design/common/images/header/loghi/museidivillatorlonia.jpg","SI"
"28/07/2014 16.43.02","Casina delle Civette - Musei di Villa Torlonia","Via Nomentana N. 70 Roma","41.91422","12.51299","http://www.museivillatorlonia.it/","villeparchistorici@comune.roma.it","museiincomune","http://www.museivillatorlonia.it/extension/museicivici_user/design/common/images/header/loghi/museidivillatorlonia.jpg","SI"
"28/07/2014 16.48.12","Casino dei Principi - Musei di Villa Torlonia","Via Nomentana N. 70 Roma","41.91494","12.51021","http://www.museivillatorlonia.it/","villeparchistorici@comune.roma.it","museiincomune","http://www.museivillatorlonia.it/extension/museicivici_user/design/common/images/header/loghi/museidivillatorlonia.jpg","SI"
"28/07/2014 16.52.15","Museo Civico di Zoologia","Via Ulisse Aldrovandi N. 18 Roma","41.91926","12.48839","http://www.museodizoologia.it/it","info@museodizoologia.it","museiincomune","http://www.museodizoologia.it/logo.jpg","SI"
"29/07/2014 11.46.52","Pinacoteca di Brera","Via Brera N. 28 Milano","45.47214","9.18834","http://www.brera.beniculturali.it/HomePage","sbsae-mi.brera@beniculturali.it","museobrera","http://www.brera.beniculturali.it/Img/BRR/logoEnte.gif","SI"
"29/07/2014 14.46.16","Planetario e Museo Astronomico","Piazza G. Agnelli N. 10 Roma ","41.83089","12.47749","http://www.planetarioroma.it/","info@planetarioroma.it","museiincomune","http://www.planetarioroma.it/extension/museicivici_user/design/common/images/header/loghi/planetarioemuseoastronomico.jpg","SI"
"31/07/2014 7.42.24","Museo della Via Ostiense - Porta San Paolo","Via Raffaele Persichetti","41.87669","12.48147","http://archeoroma.beniculturali.it/musei/museo-ostiense-porta-spaolo",,,"http://archeoroma.beniculturali.it/sites/default/files/imagecache/grande/images/%20modifMuseo%20Porta%20San%20Paolo.jpg","SI"
"31/07/2014 8.39.20","Museo Hendrik Christian Andersen","Via Pasquale Stanislao Mancini n. 20","41.91415 ","12.4727","http://www.museoandersen.beniculturali.it","s-gnam.museoandersen@beniculturali.it","@MuseoAndersen","https://pbs.twimg.com/profile_images/468046513818464256/9pj5dJZA_bigger.jpeg","SI"
"31/07/2014 16.53.53","Museo del fiore","Località Giardino Torre Alfina","42.739602","11.924383","http://www.museodelfiore.it","info@museodelfiore.it","RedApeRegina","http://laperegina.it/wp-content/uploads/2012/09/MuseoDelFioreLogo1.jpg","SI"
"31/07/2014 19.16.20","PARCO ARCHEOLOGICO GROTTONE DI MANACCORA - LA GROTTA DEGLI DEI","località baia di Manaccora Peschici (Fg)","41.94685","16.04435","https://www.facebook.com/grottonedimanaccora?fref=ts","antobiscotti@libero.it",,"https://www.facebook.com/grottonedimanaccora/photos/a.351175705035816.1073741825.351174741702579/351175715035815/?type=1&theater","SI"
"02/08/2014 14.43.16","Museo Laboratorio della Civiltà Contadina","Via San Giovanni Vecchio N. 60 Matera","40.66758","16.60984","http://www.museolaboratorio.it","info@museolaboratorio.it",,"https://lh6.googleusercontent.com/-E-S9N-IuCw4/U4icKpmFcxI/AAAAAAAAABc/wp7DuvUBQLw/w449-h450/Immagine.jpg","SI"
"04/08/2014 10.06.58","All About Apple Museum","Piazza De Andrè 14R-12R Savona","44.30924","8.48728","http://www.allaboutapple.com","info@allaboutapple.com","aaamuseum","http://www.allaboutapple.com/2013/wp-content/uploads/2011/03/logo_aaa.png","SI"
"04/08/2014 10.31.53","Poli Museo della Grappa sede di Schiavon","Via Marconi N. 36 Schiavon VI","45.701787","11.645355","http://www.grappa.com","info@grappa.com","PoliMuseoGrappa","http://www.grappa.it/img/poli/Logo_Museo_della_Grappa.jpg","SI"
"04/08/2014 12.30.25","Poli Museo della Grappa sede di Bassano del Grappa","Via Gamba N.6 Ponte Vecchio Bassano del Grappa (VI)","45.767960","11.732121","http://www.grappa.com","info@grappa.com","PoliMuseoGrappa","http://www.grappa.it/img/poli/Logo_Museo_della_Grappa.jpg","SI"
"05/08/2014 16.49.40","Collezione Peggy Guggenheim","Dorsoduro 701 30123 Venezia","45.43062","12.33148","http://www.guggenheim-venice.it/default.html","info@guggenheim-venice.it","GuggenheimPGC ","http://www.guggenheim-venice.it/img/peggy-guggenheim-collection-logo.png","SI"
"07/08/2014 16.32.39","Museo Civico di Asolo","via Regina Cornaro 74 Asolo (TV)","45.80199","11.91331","http://www.asolo.it/museo/","info@akelon.it","AkelonCultura","http://scontent-a-mxp.xx.fbcdn.net/hphotos-xfa1/v/t1.0-9/600517_543298805728956_1094712522_n.jpg?oh=e07e5a56e29c900ac4e54653a1632f24&oe=543D05E5","SI"
"08/08/2014 12.11.11","Museo Diocesano Tridentino","Piazza Duomo 18 Trento","46.06735","11.12192","http://www.museodiocesanotridentino.it","press@museodiocesanotridentino.it","MuseoDiocTriden","https://fbcdn-profile-a.akamaihd.net/hprofile-ak-xaf1/v/t1.0-1/c7.0.160.160/p160x160/406660_201695553255507_1881927176_n.jpg","SI"
"08/08/2014 13.54.00","Museo della Città","Via Luigi Tonini n.1","44.0626","12.56688","http://www.museicomunalirimini.it/","musei@comune.rimini.it","museirimini","http://www.museicomunalirimini.it/binary/musei_rimini/testata/logo_musei.1226682206.jpg","SI"
"17/07/2014 10.29.04","Museo Civico di Paleontologia e Paletnologia","Via Vittorio Emanuele N. 117 Maglie","40.1202777","18.3063888","http://www.maglie.cchnet.it","morlando@comune.maglie.le.it","AlcaMaglie","http://www.maglie.cchnet.it/immagini/facciata.jpg","SI"
